{
	"intents": [{
      "intent": "AMAZON.YesIntent",
      "slots": []
    }, {
      "intent": "AMAZON.NoIntent",
      "slots": []
    }, {
		"intent": "AMAZON.HelpIntent",
		"slots": []
	}, {
		"intent": "AMAZON.StopIntent",
		"slots": []
	}, {
		"intent": "AMAZON.CancelIntent",
		"slots": []
	},{
		"intent": "AMAZON.StartOverIntent",
		"slots": []
	}, {
		"intent": "DescriptionIntent",
		 "slots": [
        {
          "name": "Description",
          "type": "descriptionType"
        }]
	}]
}
